Название;Цена;Разрешение_экрана;Процессор;RAM;SSD;Вес;ОС
ASUS VivoBook S 16 Flip;81000;1920x1200;Ryzen 5 7530U;8;256;1.9;Windows 11 Home
Acer Swift GO 14;81500;2880x1800;Intel Core i5-1335U;16;512;1.25;Windows 11 Home Single Language
Acer Swift GO;84900;2880x1800;Intel Core i5-13420H;16;1000;1.25;Windows 11 Home Single Language
Huawei MateBook D 16;85000;1920x1200;Intel Core i5-13420H;16;1024;1.68;Windows 11 Home
MSI Modern 15 H AI;100000;1920x1080;Intel Core Ultra 7 155H;16;512;1.9;Windows 11 Home
Acer Aspire 5;87500;1920x1080;Intel Core i7-12650;16;512;1.77;Windows 11 Home Single Language
Acer Swift Go 16;88000;3200x2000;Intel Core i7-13620H;16;1000;1.65;Windows 11 Home
Acer Aspire Vero;89000;1920x1080;Intel Core i7-1355U;16;1024;1.74;Windows 11 Home
ASUS Vivobook S 14 Flip;89000;1920x1200;Intel Core i5-1335U;16;512;1.5;Windows 11 Home Single Language
Infinix InBook Air Pro+;90000;2880x1800;Intel Core i7-1355U;16;1000;1;Windows 11 Home Single Language
ASUS ExpertBook B1;90000;1920x1080;Intel Core i7-1355U;16;512;1.69;Windows 11 Home
MSI Prestige 14H;95000;1920x1200;Intel Core i5-12450H;16;512;1.49;Windows 11 Home Single Language
HUAWEI MateBook 14;95000;2880x1920;Intel Core Ultra 5 125H;16;512;1.31;Windows 11 Home Single Language
Honor MagicBook X 16 Plus;95000;1920x1200;AMD Ryzen 7 8845HS;16;512;1.75;Windows 11 Home
ASUS Vivobook S 15 OLED;97000;2880x1620;Intel Core Ultra 5 125H;16;512;1.5;Windows 11 Home Single Language
MSI Prestige 14 Evo;100000;1920x1200;Intel Core i7-13700H;16;512;1.49;Windows 11 Home
HUAWEI MateBook D 16;100000;1920x1200;Intel Core i7-13700H;16;1000;1.72;Windows 11 Home
